{
  "redirects": [
    {
      "source": "/index.html",
      "destination": "https://www.audiologyplus.com/",
      "permanent": true
    },
    {
      "source": "/comprehensive_solutions.html",
      "destination": "https://www.audiologyplus.com/comprehensive-solutions.html",
      "permanent": true
    },
    {
      "source": "/organic_marketing.html",
      "destination": "https://www.audiologyplus.com/organic-marketing.html",
      "permanent": true
    },
    {
      "source": "/paid_marketing.html",
      "destination": "https://www.audiologyplus.com/paid-marketing.html",
      "permanent": true
    },
    {
      "source": "/business_intelligence.html",
      "destination": "https://www.audiologyplus.com/business-intelligence.html",
      "permanent": true
    },
    {
      "source": "/online_reputation_management.html",
      "destination": "https://www.audiologyplus.com/online-reputation-management.html",
      "permanent": true
    },
    {
      "source": "/lead_conversion_services.html",
      "destination": "https://www.audiologyplus.com/lead-conversion-services.html",
      "permanent": true
    }
  ]
}
